Max,Min,Mean,Std,RMS,Skewness,Kurtosis,Crest Factor,Form Factor,Fault
0.427,-0.957,-0.1145437255859375,0.114860042054069,0.1622121211291281,0.0063242134703943,0.5871425145219344,2.6323556897458285,-1.4161589410449809,Inner Race
0.63,-0.854,-0.1141332275390624,0.1144666993446216,0.1616437409831368,-0.0115094472147241,0.680052627073839,3.8974599088604576,-1.416272407856106,Inner Race
0.645,-0.718,-0.1139592529296875,0.1148011305157447,0.1617581192266471,0.036520196245824,0.4737480437623174,3.987435085692727,-1.4194382208389111,Inner Race
0.815,-0.75,-0.1144642333984375,0.1128412358167228,0.1607323687386942,0.0102658734934956,0.7583697905449038,5.070540591142295,-1.4042147836626169,Inner Race
0.723,-0.728,-0.1152170654296875,0.1160002663584904,0.1634952765199531,-0.0229728091970312,0.6692549637161482,4.422146103479413,-1.4190196210102917,Inner Race
0.5,-0.754,-0.113781201171875,0.1161020707835484,0.1625592922177262,-0.001621781322528,0.546561169309709,3.075800793536412,-1.4287007919011887,Inner Race
0.637,-0.964,-0.11473779296875,0.1176488007204362,0.1643339999068684,0.0131836186697437,0.7280908566486723,3.8762520255151194,-1.4322569369242308,Inner Race
0.664,-0.754,-0.1143548828124999,0.1172353258184254,0.1637706484476652,0.0014115938749138,0.6520543793607785,4.054450576424193,-1.4321264157665128,Inner Race
0.52,-0.828,-0.1142925537109375,0.1168225058443231,0.1634317977464864,0.0218741660140247,0.7209351220347946,3.1817553693352765,-1.4299426554054362,Inner Race
0.579,-0.82,-0.114818310546875,0.1145133716412747,0.1621611438423694,-0.026316642284528,0.5009750842094216,3.5705224215908555,-1.4123282520880374,Inner Race
0.891,-0.671,-0.1141825927734375,0.1136371816470218,0.1610923904980219,-0.0128009274502543,0.5771291262604321,5.530987511237787,-1.4108314287245467,Inner Race
0.706,-1.104,-0.115094580078125,0.1157222683395573,0.1632117606319892,-0.0278925070534242,1.0873431038557009,4.325668672810243,-1.4180664330258017,Inner Race
0.591,-0.913,-0.1140570556640625,0.1171816628966096,0.1635243676741854,0.041455825900377,0.841847147960523,3.614140255705128,-1.4337067244294055,Inner Race
0.493,-0.796,-0.113368212890625,0.1169517668935176,0.1628795062152445,0.0148217930802485,0.4804286675312772,3.026777348824369,-1.4367299445073447,Inner Race
0.64,-0.977,-0.1148673095703125,0.117837532311559,0.1645595449168543,0.0210024768967469,0.8189608772616097,3.8891697246936823,-1.4326055475002155,Inner Race
0.693,-1.318,-0.1154485595703125,0.1182874091781237,0.165287445008806,-0.0841454319114262,1.2284983729410277,4.19269594229059,-1.4316977675944045,Inner Race
0.483,-0.659,-0.1139058837890625,0.1151711528450911,0.16198339720996,0.0211731407998359,0.4090089324482515,2.9817870739798344,-1.4220810358658051,Inner Race
0.605,-1.028,-0.1140875,0.1171070978840046,0.163492187014682,0.0181127744064894,0.6271778914273667,3.7004826410797818,-1.4330420687163974,Inner Race
0.552,-0.823,-0.1148906982421874,0.1160184130481697,0.1632783393131715,0.0133713734420488,0.5624196644880564,3.380730122084666,-1.421162390091701,Inner Race
0.598,-0.869,-0.1140922607421875,0.1146305163806388,0.161730882772533,0.0170615224894151,0.6440958591732411,3.6975003768517065,-1.4175447284544018,Inner Race
0.535,-0.935,-0.1137412353515625,0.1189026282904117,0.1645434850478124,-0.0166526394990128,0.7001245701527865,3.2514201327663725,-1.446647599168634,Inner Race
0.762,-0.845,-0.1150574462890625,0.1169287065514844,0.1640433008855579,-0.0212686601799604,0.7371290537634292,4.645115014672843,-1.42575127622272,Inner Race
0.647,-0.85,-0.1148149902343749,0.1159872245364557,0.1632029098849707,-0.015192179485979,0.843803093279226,3.964390098534524,-1.4214425272503193,Inner Race
0.554,-0.781,-0.1148567626953124,0.1179156586584981,0.1646081378246104,-0.000602594399064,0.5948465716658706,3.365568721701267,-1.43316017239034,Inner Race
0.466,-1.086,-0.1148497314453125,0.1155679316559874,0.1629296828922919,-0.0218848630116878,0.6713504884865218,2.860129546241485,-1.4186335557072978,Inner Race
0.649,-0.886,-0.1149979248046874,0.1184642741224364,0.165099861693021,-0.0572371675676391,0.6910198413803372,3.930954231849813,-1.4356768782865146,Inner Race
0.513,-0.764,-0.1146468017578125,0.1170046232813533,0.1638097579266637,-0.013129586280144,0.5627803588988516,3.131681570701458,-1.4288209999325263,Inner Race
0.662,-0.845,-0.11410390625,0.1160750068128227,0.1627660274366245,0.0161866737967572,0.6019254199268178,4.067187793581557,-1.4264720007043976,Inner Race
0.842,-0.757,-0.1145923828124999,0.117251750969375,0.1639483200894606,0.0196738488434034,0.6086883200498909,5.135764730864891,-1.4307087091270156,Inner Race
0.569,-0.989,-0.11457158203125,0.1148448755755779,0.1622210555063965,-0.0120616746501764,0.5219745138402305,3.507559473237208,-1.4158926029506154,Inner Race
0.808,-0.759,-0.1144515380859375,0.1175203590280476,0.1640422267980155,0.0190955836692947,0.7376614862832875,4.925561032494925,-1.4332898407607433,Inner Race
0.527,-0.659,-0.1147876953125,0.1145399430957599,0.162158235257167,0.0292500040117348,0.4076846419690345,3.2499120329240734,-1.4126795978933515,Inner Race
0.547,-0.903,-0.11394970703125,0.1161996128144373,0.1627469081227524,-0.0136526607600303,0.6301937211374526,3.361046955112802,-1.4282345462996242,Inner Race
0.637,-0.723,-0.1140832763671875,0.1145285056504124,0.1616522573901643,0.0227400124618193,0.5245958488273974,3.940557405657102,-1.4169671711554956,Inner Race
0.708,-0.881,-0.11444384765625,0.1176605901490418,0.1641373533110398,0.032373512200005,0.8621247721829177,4.313460560426741,-1.4342173622478342,Inner Race
0.52,-0.774,-0.1140087158203125,0.1151709821652139,0.1620556033560751,0.0091407356967689,0.4567253177069292,3.208775193397262,-1.4214317053749528,Inner Race
0.911,-1.541,-0.1143007812499999,0.1156063907335234,0.162570538175933,-0.0053698534450952,1.4772700820253606,5.603721376711691,-1.422304698166121,Inner Race
0.603,-1.155,-0.1148911865234375,0.1167042856152766,0.1637667319844992,-0.0319298880198349,1.00026464696768,3.68206651432157,-1.4254072652569505,Inner Race
0.557,-1.052,-0.1151992431640624,0.1190618461575457,0.1656690760191033,-0.0318920939381549,0.7878844286311573,3.3621241415976284,-1.4381090662476277,Inner Race
0.613,-0.732,-0.1150845703125,0.1165961674018492,0.1638254945842717,-0.0070120515111507,0.4120620309279128,3.741786353556059,-1.4235226680641977,Inner Race
0.601,-0.801,-0.1146814941406249,0.1164499476877359,0.1634383808831424,-0.0176784276775329,0.5627015337208361,3.677226834679132,-1.4251504317054906,Inner Race
0.625,-0.918,-0.1149533447265624,0.1181763615494133,0.1648623150831332,-0.0073064299143941,0.7104846542741683,3.791042238396557,-1.434167187351428,Inner Race
0.586,-0.84,-0.11379921875,0.1175461781639546,0.1636063227916998,0.0386694436126011,0.5491183148585304,3.581768662731226,-1.4376752721924972,Inner Race
0.51,-0.767,-0.1143819091796875,0.1173659130984299,0.1638830143951061,0.0040851363136196,0.5321351431436172,3.111975953593575,-1.4327704054813002,Inner Race
0.481,-0.759,-0.114352978515625,0.1178281509114487,0.1641942078473689,-0.0053565917971721,0.5667372895054203,2.9294577823788166,-1.4358542294106815,Inner Race
0.649,-0.747,-0.114127001953125,0.1143210322038615,0.1615362247432348,0.006704989833755,0.4935988363509467,4.017674679667666,-1.4154075896042733,Inner Race
0.525,-0.83,-0.1146296386718749,0.1175503413707593,0.1641880003620563,-0.023112414374639,0.5624324839208641,3.1975540163855163,-1.4323346236137164,Inner Race
0.513,-0.762,-0.112581201171875,0.1178829249379076,0.1630048207324901,-0.0088910998326862,0.6127276320188182,3.147146186810589,-1.4478866723373702,Inner Race
0.813,-0.808,-0.1142336181640625,0.1193661676409576,0.1652188053391481,-0.0096198462890953,0.7308586252638474,4.920747358819946,-1.446323840516551,Inner Race
0.508,-0.898,-0.1146515625,0.1178362269372956,0.1644080842418112,0.0102190883115553,0.5205303744230161,3.0898723888348107,-1.4339803196472898,Inner Race
0.74,-0.63,-0.1155931640625,0.1160113058022815,0.1637683549171378,0.0205170730563184,0.4574808015015428,4.5185774771592415,-1.4167650504712377,Inner Race
0.564,-0.742,-0.1148132568359375,0.1163005638545992,0.1634245234899881,0.0101982996871308,0.4761813942127606,3.451134431697163,-1.4233941967478003,Inner Race
0.642,-0.908,-0.1147946777343749,0.1181349128919103,0.1647219929485358,-0.010249380613398,0.6280463460028316,3.8974759138603927,-1.4349270906939466,Inner Race
0.515,-0.981,-0.1153188964843749,0.118364283796495,0.1652519576933488,0.0130490559338246,0.6188366765742632,3.1164532462342374,-1.4329998181671773,Inner Race
0.889,-0.955,-0.114348486328125,0.1153646270966108,0.1624322892284178,-0.0322396331241128,0.8983213423406764,5.473049750286151,-1.4205023122240157,Inner Race
0.623,-0.947,-0.11496103515625,0.1181122453343226,0.1648217264612644,-0.018241166856848,0.7404305967313234,3.779841489200845,-1.4337181831848151,Inner Race
0.454,-0.828,-0.1167991210937499,0.1143683236697503,0.1634681278065964,-0.003778441171555,0.447296761727801,2.7772998081750813,-1.3995664203276592,Inner Race
0.486,-0.769,-0.1141713134765625,0.116256435101212,0.1629426818047099,-0.0043909496643197,0.3846497575211258,2.9826439249507435,-1.4271770801529695,Inner Race
0.496,-0.623,-0.1138523193359375,0.1163274850724766,0.1627700956205417,0.0226051850874598,0.4733950815600551,3.047242788112021,-1.429659901264421,Inner Race
0.774,-0.972,-0.1152323486328125,0.118536988511616,0.1653153615802659,-0.0182920516754496,0.8177268687379273,4.681960542573039,-1.4346263314222882,Inner Race
0.486,-0.708,-0.1145267333984375,0.1152184016478968,0.1624540816283029,-0.0050109021674815,0.4826013676457941,2.991614585049173,-1.4184817536280074,Inner Race
0.83,-1.13,-0.114739794921875,0.1168273360529824,0.1637483244785461,-0.0164947528290613,0.8759878931078049,5.068754154542473,-1.4271275679901687,Inner Race
1.047,-0.82,-0.1155927978515625,0.1178896290174955,0.1651039679694519,0.046583510207101,0.9102612521871478,6.341458735829531,-1.428324004939034,Inner Race
0.598,-1.272,-0.114723388671875,0.1165921399271478,0.1635691019815383,-0.0452925145532698,0.8824165792338716,3.655947197579498,-1.425769443137431,Inner Race
0.623,-0.862,-0.1144364746093749,0.1181594962830026,0.1644902198365453,-0.0135924871544006,0.6742099644610886,3.787459221703746,-1.4373932821508797,Inner Race
0.437,-0.708,-0.1148083740234375,0.1103427085984659,0.159236235929539,0.0104288336806255,0.3416084762883526,2.7443502256193093,-1.3869740538005688,Inner Race
0.493,-0.781,-0.1153445068359375,0.111894208369549,0.1606996062600915,0.0015258790742218,0.4029376261320201,3.067835768073271,-1.393214212521327,Inner Race
0.483,-0.706,-0.1149703857421875,0.111163003015976,0.1599221721571494,-0.0035543597848675,0.3802163842774333,3.020219107112767,-1.3909857840762831,Inner Race
0.583,-0.806,-0.115243505859375,0.1135680742754327,0.1617975841969005,0.0144184626669354,0.5164363935318828,3.603267643913117,-1.40396270479946,Inner Race
0.61,-0.75,-0.1142090332031249,0.113799467327726,0.1612256364830823,-0.0079723621074599,0.496299231271637,3.783517394046749,-1.4116714935878718,Inner Race
0.679,-0.886,-0.1158022216796875,0.1155390163890865,0.1635820679180207,0.023034252450061,0.6504608308034978,4.150821716841735,-1.4125987010032826,Inner Race
0.618,-0.771,-0.1171114746093749,0.118010083754914,0.166256240043842,-0.0086420516666773,0.6047800859189643,3.717153713069852,-1.4196409070792533,Inner Race
0.491,-0.864,-0.11680712890625,0.1160378736143979,0.1646461804783024,-0.0171897394946678,0.5849265058880744,2.9821523862480697,-1.409555923683805,Inner Race
0.513,-0.769,-0.1150419677734374,0.1172874591604128,0.1642883640954174,0.0184041466373515,0.4807530119160961,3.1225583310456093,-1.4280733133752137,Inner Race
0.779,-0.964,-0.116322607421875,0.1165201948636708,0.1646437771063448,-0.0093874671566091,0.7297324321762528,4.731426924789495,-1.4154065211865494,Inner Race
0.496,-0.796,-0.1153689697265624,0.1159601070347446,0.1635738894492954,-0.0025052473171149,0.5514674928224261,3.032268791002552,-1.417832627239231,Inner Race
0.537,-0.94,-0.1148163330078125,0.1131414277453795,0.1611938599129408,0.0151695829301989,0.4705785596389797,3.3313924009886486,-1.403927957723338,Inner Race
0.64,-0.935,-0.1168551025390625,0.1178383514523761,0.1659537678142855,0.0092508909093077,0.5698634333932726,3.856495748359307,-1.4201670633835637,Inner Race
0.601,-0.789,-0.1147709716796875,0.115795278653301,0.1630355640392658,0.0071069650303518,0.6242728661439068,3.686312268992143,-1.4205296134834446,Inner Race
0.481,-0.674,-0.114014306640625,0.1161201441547511,0.1627354319156748,0.0223472511406986,0.4340178637118375,2.9557177213210784,-1.4273246639881754,Inner Race
0.72,-0.725,-0.1162166748046875,0.1166690661157979,0.164674388338942,-0.009228928494796,0.5542763492161886,4.372264608131142,-1.4169600757868184,Inner Race
0.688,-1.006,-0.1151192138671875,0.114934804346611,0.1626718172935974,0.0018703891414335,0.6732968778913637,4.229374279124615,-1.4130726907262516,Inner Race
0.869,-0.801,-0.1150760009765625,0.1161146564938966,0.1634771246630119,-0.0235245098799067,0.6743111205852919,5.315728434735669,-1.4206013701875793,Inner Race
0.696,-0.83,-0.1157923339843749,0.1184605782781474,0.1656515336941809,-0.0256241149166963,0.7320842400303817,4.201591041619491,-1.4305915425846236,Inner Race
0.549,-0.813,-0.1141722412109375,0.1154553292449392,0.1623727448692273,-0.0115888175818519,0.561291965249247,3.3811093138947474,-1.422173578683084,Inner Race
0.476,-0.735,-0.1137913330078125,0.1157145634309899,0.1622898664637935,-0.0297842256701211,0.4849646532908425,2.933023548369204,-1.4262058644892692,Inner Race
0.527,-0.742,-0.1151407470703125,0.1148931666675466,0.1626576438611026,-0.0133913396030741,0.5021792066754585,3.2399338112263463,-1.412685326435942,Inner Race
0.576,-0.735,-0.1147578857421875,0.1152653155544633,0.1626503641015992,0.0121821851955011,0.5604042250170873,3.541338521936554,-1.417334966130397,Inner Race
0.522,-0.762,-0.113646142578125,0.1157739238142624,0.1622304531272566,0.0151355068622005,0.5239491425413529,3.217644960841806,-1.4275051440107855,Inner Race
0.596,-0.981,-0.11536162109375,0.1170800048014756,0.1643645231927346,0.0349687452251368,0.6707610804688318,3.626086630027378,-1.424776469283158,Inner Race
0.574,-0.813,-0.11432958984375,0.1154802265334229,0.1625011146295907,-0.0265716663810971,0.6308546844599441,3.5322834634604856,-1.4213390851106429,Inner Race
0.613,-0.869,-0.114777197265625,0.1171373680129061,0.163995832287935,-0.0266651575600763,0.5782886490650903,3.737899868843788,-1.428818930892736,Inner Race
0.603,-0.784,-0.1165438720703125,0.1178759641216046,0.1657615088240246,0.0203621052996503,0.5292282743800114,3.637756462751287,-1.4223099497159184,Inner Race
0.525,-0.994,-0.11492841796875,0.1180175497434576,0.1647311241439174,0.0166587832850882,0.6322144825154727,3.187011578585073,-1.4333367417335303,Inner Race
0.586,-0.74,-0.115325341796875,0.116674817441912,0.164050648083812,-0.011081525314251,0.4476613353809733,3.5720675708676115,-1.4225030294968295,Inner Race
0.437,-0.864,-0.115648974609375,0.1168310577542683,0.1643893188273838,0.0050647681388924,0.4744668961981308,2.658323564555126,-1.4214507252021733,Inner Race
0.632,-1.038,-0.1142997558593749,0.1165356453811009,0.1632319186842565,-0.0294549995026524,0.5352813297296293,3.871791773902338,-1.4281038262678678,Inner Race
0.635,-0.803,-0.115201513671875,0.1156478268352202,0.1632344390135798,0.0125800561760596,0.5565703025747433,3.890110468337952,-1.4169469984440968,Inner Race
0.581,-0.891,-0.1159570556640624,0.1166268035674347,0.1644612963379653,0.0314985902615893,0.6149379314367089,3.532746080306057,-1.4182948626638452,Inner Race
0.447,-0.754,-0.114489208984375,0.1174342589564438,0.1640068518719187,-0.0349747235234299,0.3790444773719548,2.7254958856785136,-1.4325092585302228,Inner Race
0.454,-0.759,-0.114653076171875,0.1184704989352076,0.1648643209913458,0.0101832618981776,0.4032276578121538,2.7537795762603587,-1.4379406684579463,Inner Race
0.547,-0.779,-0.1153557373046875,0.1200191635242888,0.1664667956902601,0.0043909235362733,0.5047850214867693,3.285940584918729,-1.4430733969527123,Inner Race
0.466,-0.825,-0.1148082763671874,0.1191914809495352,0.1654907931345568,-0.0260172003731422,0.5036124477617663,2.815866618157457,-1.4414535116377252,Inner Race
0.52,-0.723,-0.114416943359375,0.1181034388250156,0.1644363665748661,-0.0127870742321961,0.4555388292586357,3.1623175020913004,-1.4371679730892992,Inner Race
0.486,-0.808,-0.1147281494140625,0.1201398472556013,0.1661197724058749,0.0174585124795877,0.3649773634815694,2.92559996297474,-1.4479425777743191,Inner Race
0.659,-0.823,-0.1148621337890624,0.1192135713514313,0.1655440678590456,0.0100741687878414,0.5443700684754189,3.9808131364822623,-1.441241446576794,Inner Race
0.647,-1.135,-0.114518896484375,0.1194706677167728,0.1654915998741514,-0.0185335443900023,0.8592591626106652,3.909563992927816,-1.4451029913367284,Inner Race
0.742,-1.125,-0.1149317382812499,0.1189702446734475,0.1654172845483317,0.0007778946099445,0.9542703195085096,4.485625562201766,-1.439265489429372,Inner Race
0.73,-0.786,-0.1147775390624999,0.117220565293202,0.1640555056544792,-0.0011482059581839,0.6416056469802109,4.449713510605784,-1.429334580567596,Inner Race
0.576,-0.862,-0.1148416748046875,0.1198812192656268,0.1660113434006704,-0.0016356148465892,0.5501279544431084,3.469642424432509,-1.4455670703427803,Inner Race
0.396,-0.869,-0.114581591796875,0.117953036022838,0.1644430607074793,-0.0113940542821595,0.4238437003505906,2.40812837158527,-1.4351612517217995,Inner Race
0.559,-0.859,-0.1144508789062499,0.1179395910688676,0.1643423598177558,-0.0053761845249229,0.471287010726277,3.40143588433251,-1.4359204698844947,Inner Race
0.833,-0.999,-0.11403623046875,0.1178886729432896,0.1640172605782029,-0.0028681336430196,0.6535574525778336,5.078733769015901,-1.4382907949868575,Inner Race
0.569,-0.808,-0.1144570068359374,0.1154311659320619,0.1625559447718356,0.0036117919516818,0.4743306529283861,3.500333382446587,-1.4202358533177708,Inner Race
0.513,-0.72,-0.114342724609375,0.1167091781826747,0.1633859186051157,0.0067230017317348,0.4452005567576784,3.1398054641407613,-1.428913987866611,Inner Race
0.466,-0.886,-0.1146354492187499,0.1159080082935394,0.1630203196211288,0.0196915565462038,0.4539921296433329,2.8585393592836663,-1.4220759872458797,Inner Race
0.789,-0.92,-0.1150186035156249,0.1174920910544252,0.1644181668604476,-0.0232354232445,0.5422288489564755,4.798739792967498,-1.4294919416067493,Inner Race
0.452,-0.784,-0.11449521484375,0.1179550834865049,0.1643843552767891,-0.0384815214465564,0.5133946923451851,2.749653391522118,-1.4357312268562676,Inner Race
0.623,-1.028,-0.1147459716796875,0.1190138825996974,0.1653196795906674,0.0104386196698999,0.6837193378829101,3.768456372178751,-1.4407449531401069,Inner Race
0.508,-0.696,-0.115355029296875,0.1208163439225488,0.1670419569475267,0.0190129590019435,0.4023078245478553,3.041152111020701,-1.4480682633925868,Inner Race
0.459,-0.945,-0.1147339111328125,0.11988178427382,0.1659372221484255,-0.0306716696690104,0.5659098003980567,2.766106326580778,-1.4462787898543934,Inner Race
0.576,-0.701,-0.1147622802734374,0.1200808392393073,0.1661006829897109,0.0207119809039017,0.4929605520552846,3.467776228443806,-1.4473456138545904,Inner Race
0.53,-0.798,-0.1142064453125,0.1172954330574682,0.1637100939864334,-0.0063578979313076,0.5293484525721142,3.237430185849877,-1.4334575735938364,Inner Race
0.535,-0.942,-0.114121435546875,0.1172270023160757,0.1636017622799148,0.0228004862541469,0.5240565369425352,3.2701359236255696,-1.4335760980917205,Inner Race
0.637,-0.85,-0.1148101318359375,0.1198510074256332,0.1659677066874334,0.0202260173982165,0.5422704639904738,3.838096053225948,-1.4455841486585834,Inner Race
0.579,-0.74,-0.1165203857421875,0.1183622223867064,0.166091161565555,-0.0006332901070969,0.5206338986252517,3.486037393816844,-1.425425778567603,Inner Race
0.684,-0.688,-0.114671142578125,0.1188821488444051,0.1651729130666935,0.0265918995809242,0.3961040289819055,4.141114831121339,-1.4404052262247395,Inner Race
0.42,-0.83,-0.1139487548828125,0.1168494243432434,0.1632108248991402,-0.0042479032815071,0.4608881850602606,2.5733587233539708,-1.4323177560561322,Inner Race
0.679,-0.845,-0.11565703125,0.1193605458889783,0.1662021087916662,0.0061675133195443,0.5500944435267501,4.085387393315954,-1.4370255486880852,Inner Race
0.525,-0.94,-0.1150300048828125,0.118966441641218,0.1654828411876562,-0.009157824429541,0.5984818494842581,3.1725343620650928,-1.4386058781466875,Inner Race
0.701,-0.813,-0.114342041015625,0.1174230680434942,0.1638961336546812,-0.0063193486143602,0.5876950369693899,4.277099064929516,-1.4333847130845296,Inner Race
0.581,-0.769,-0.1151149169921875,0.1150996133627635,0.1627852624619461,0.0372937065342208,0.4419024374102722,3.56911916480043,-1.414110931192296,Inner Race
0.522,-0.842,-0.1147306396484375,0.1208562080801015,0.1666402895712751,-0.0041311199207763,0.6136607588635421,3.1324957568363496,-1.4524480128577806,Inner Race
0.479,-0.823,-0.1148861328125,0.1150653159188256,0.1625992841228571,0.0285294565566373,0.3568788489429586,2.9458924286411743,-1.415308185089905,Inner Race
0.823,-1.475,-0.11518046875,0.1194725970963415,0.1659514789309664,0.0022876005198017,1.2431752209637272,4.959280901270887,-1.440795307850025,Inner Race
0.474,-0.872,-0.11453935546875,0.1174436497992568,0.1640485845289056,-0.0312087420993744,0.5165375265334542,2.8893879295647342,-1.432246443657205,Inner Race
1.14,-1.272,-0.1151523681640624,0.1188734909885027,0.1655011473094437,-0.0188203699724154,1.2485880066791308,6.888169771225206,-1.4372361589094471,Inner Race
0.64,-0.981,-0.11571787109375,0.1180851956158244,0.1653311787946866,0.0060212916755202,0.5623823224979567,3.871018187046086,-1.4287436956106967,Inner Race
0.735,-0.72,-0.1142668212890625,0.1178443837626442,0.1641458686245969,0.0212738142683486,0.4875047049545236,4.477724636987066,-1.4365138259106258,Inner Race
0.515,-1.145,-0.1127612548828125,0.1184803195906949,0.1635614380548015,-0.0114708967746941,0.7939508157639237,3.148663927908535,-1.450510977594062,Inner Race
0.498,-0.754,-0.1148989990234375,0.1151491545565437,0.1626677105562661,-0.0218783007484556,0.392839399045962,3.0614557633903847,-1.4157452365889158,Inner Race
1.172,-0.928,-0.1145874755859374,0.1195238840187328,0.1655774732075262,0.017381265907504,0.8802955254413205,7.0782575509597,-1.4449875290545835,Inner Race
0.457,-0.859,-0.1139639892578125,0.1163673266761161,0.1628766863790527,-0.0060865385808385,0.4830729660186859,2.805803642987016,-1.429194322169511,Inner Race
0.637,-0.715,-0.1162092041015625,0.1196991504831333,0.1668296015171852,-0.0068713247764231,0.4479678926119796,3.8182672272005767,-1.4355971440212465,Inner Race
0.623,-0.837,-0.1138097167968749,0.1159355003168337,0.1624603450713531,0.0089108265897822,0.5639152705505541,3.834781956953104,-1.4274734147815222,Inner Race
0.559,-0.933,-0.1139596435546875,0.1176130418584418,0.163765961844301,-0.0134454484976339,0.5415700585111423,3.413407729571204,-1.4370522470589533,Inner Race
0.649,-0.854,-0.1154209472656249,0.1188750159470964,0.1656892256075267,0.0159438076802363,0.5628877584742362,3.916971653529885,-1.4355212769673114,Inner Race
0.54,-0.83,-0.1141444091796874,0.1159874938451439,0.1627320387344301,-0.0022988541133664,0.5286614830714051,3.3183385656542463,-1.425668062973241,Inner Race
0.818,-0.764,-0.1148300048828125,0.1181818344868854,0.1647802628781119,0.0132721424972332,0.6150904476275332,4.964186764315791,-1.4349930843099346,Inner Race
0.547,-1.279,-0.1153346923828125,0.1185639152714489,0.1654060158314751,-0.0262389897404984,1.0840585220038117,3.307013939307469,-1.4341393072126871,Inner Race
0.649,-1.067,-0.114190966796875,0.1172119415029137,0.1636394839667084,-0.0317787471637908,0.7269497308850874,3.966035484028021,-1.4330335275801047,Inner Race
0.513,-0.864,-0.1141985839843749,0.1186371537722431,0.1646685981503361,-0.0199881166225308,0.5564717943322632,3.115348073417439,-1.4419495619391094,Inner Race
0.435,-0.767,-0.1155538330078125,0.1173414717987091,0.1646856799146341,-0.0202597780218365,0.3927201978379053,2.6413954159553223,-1.4251857824871963,Inner Race
0.605,-0.923,-0.1147941162109374,0.1176427271230671,0.1643689827053326,-0.0382292555323187,0.5266524180372589,3.680743106408311,-1.431858950011862,Inner Race
0.61,-0.793,-0.1141542724609375,0.1165325464180507,0.1631278662792961,0.002675590734017,0.5194342227813844,3.739397896344702,-1.4290123598756848,Inner Race
0.532,-0.745,-0.1154175537109375,0.1184288613041461,0.1653670598321777,-0.0087418998714763,0.4750472563492476,3.217085679215065,-1.4327721781934355,Inner Race
0.581,-0.798,-0.114996875,0.1170718787354345,0.1641029293935573,0.0234216940115535,0.5197169911089361,3.540460868962464,-1.427020772464968,Inner Race
0.496,-0.781,-0.113869287109375,0.1170478192913434,0.1632974956033083,0.0047916764891032,0.5184307250175699,3.0374011442582787,-1.434078492530264,Inner Race
0.5,-0.747,-0.115655224609375,0.1196550939753269,0.1664125083917034,0.0219547053242214,0.5091829795259648,3.0045818360185708,-1.4388671930192596,Inner Race
0.601,-0.73,-0.1138558837890625,0.1191015310303234,0.1647664730745125,0.023326883228857,0.6415416051778071,3.647586725536141,-1.4471493926459755,Inner Race
0.454,-0.786,-0.11408212890625,0.1155435342259883,0.1623721481718866,0.0076596000242345,0.2995955089637245,2.79604602828434,-1.4232917086016186,Inner Race
0.581,-0.881,-0.1150718261718749,0.1196589708733391,0.1660103759464299,-0.0317367103637392,0.6017989801023806,3.4997812437186666,-1.4426674318913777,Inner Race
0.505,-0.967,-0.1154085937499999,0.1184384071361291,0.1653676429178899,-0.0213870877176857,0.5823695360072016,3.0538017661093946,-1.4328884664872712,Inner Race
0.547,-0.732,-0.1137456298828125,0.118274218490274,0.1640930149449114,0.037561592745201,0.415783841289719,3.333475225521551,-1.4426313794558068,Inner Race
0.63,-0.686,-0.115182421875,0.1162209198176917,0.1636275121858809,0.0114710520684377,0.443880910736977,3.850208266225545,-1.4205944754613276,Inner Race
0.522,-0.825,-0.1146569580078125,0.117138597751571,0.1639125806838673,-0.0155598657893713,0.4188725310943253,3.184624376128663,-1.429591221779132,Inner Race
0.925,-0.803,-0.1135302001953125,0.1180686477736915,0.1637955176628631,0.0614998704335836,0.680936144448478,5.647285183370574,-1.442748426243205,Inner Race
0.554,-0.784,-0.115607568359375,0.119353445708167,0.1661625923006683,0.0006317305573508,0.5065032786536268,3.334083756935777,-1.4372985666832745,Inner Race
0.476,-0.911,-0.1151267333984375,0.118382773636817,0.1651311711534906,-0.0281316275465808,0.621208858302623,2.882556919296323,-1.4343425395559066,Inner Race
0.461,-1.169,-0.1150163574218749,0.1186395029056989,0.1652384655226538,-0.0070037027996809,0.6510156904034399,2.7899072927229405,-1.4366518747986976,Inner Race
0.698,-0.75,-0.114691162109375,0.117653633102752,0.1643049058902666,0.0344724861245638,0.474156330048213,4.248199384053506,-1.4325855878378633,Inner Race
0.52,-1.077,-0.114806982421875,0.1176970572286365,0.164416855264057,0.0209658877095751,0.5542874344515045,3.1626927735898414,-1.4321154671575924,Inner Race
0.635,-0.796,-0.1144300537109375,0.1188208791353032,0.1649614919405198,-0.0238421038092801,0.6417801545024879,3.849383225928643,-1.4415923666105244,Inner Race
0.52,-0.75,-0.115520654296875,0.118678474255565,0.1656178068897918,0.0043952999768397,0.4734299149483445,3.1397590015548698,-1.4336640308855315,Inner Race
0.491,-0.979,-0.1144024658203125,0.1209395187894889,0.1664750260602407,-0.019123582722908,0.5410996175471237,2.949391338868609,-1.45516991147478,Inner Race
0.576,-1.758,-0.1155557128906249,0.1202081929006912,0.1667416553794278,-0.117803844370803,1.9588345453499516,3.4544457333669087,-1.4429546684312444,Inner Race
0.652,-0.906,-0.115931494140625,0.1172755139608169,0.164903977297443,-0.0312619477132934,0.4656441033630654,3.953816097618827,-1.422426050141426,Inner Race
0.63,-0.776,-0.1144716552734375,0.1177961899181452,0.1642539602327701,-0.007121199788004,0.5728421606169141,3.835523960014143,-1.4348876133608626,Inner Race
0.547,-1.113,-0.1142351318359375,0.1180916280651999,0.1643014226813547,-0.0222366243727113,0.6296262051882593,3.3292468870512995,-1.4382740234179583,Inner Race
0.696,-0.813,-0.1151007080078125,0.1191107045359232,0.1656357043268496,0.0242726234939597,0.6043647337969511,4.201992576591941,-1.4390502647091197,Inner Race
1.094,-0.823,-0.1138818359375,0.1201308380459153,0.165529871855694,-0.0176449074843462,0.9481281194963403,6.609079000276937,-1.4535230354605386,Inner Race
0.74,-0.898,-0.1141150390625,0.1169875594373622,0.1634258151893773,0.0002635001296982,0.4980942069578637,4.528048393960835,-1.4321146146203405,Inner Race
0.505,-0.969,-0.1148998291015625,0.12054989042272,0.1665349573410987,-0.0438829002891424,0.5968492303385271,3.032396369283919,-1.4493925590950596,Inner Race
0.833,-0.825,-0.1140619873046875,0.1194583261933722,0.1651668255099172,0.0105045085963571,0.9094198580013512,5.043385664332355,-1.4480444310400815,Inner Race
0.708,-1.499,-0.114298583984375,0.1216354873583516,0.1669101461116129,-0.084574977022335,1.469111431190532,4.241803248596761,-1.4602993343682205,Inner Race
0.544,-0.737,-0.1152715087890625,0.1190316161220652,0.1656976175564005,-0.0048103225454982,0.4528237801923227,3.2830888459505574,-1.4374550944727698,Inner Race
0.747,-0.916,-0.1136783935546874,0.1192930374819794,0.1647824581698786,0.0316201958129713,0.7665993302014069,4.533249523622822,-1.4495494967617255,Inner Race
0.811,-1.006,-0.1145446533203125,0.1193985033239031,0.1654573423977319,-0.0552626921255893,0.9420916733681376,4.901565492636107,-1.4444789660766384,Inner Race
0.566,-0.784,-0.1147129638671875,0.1199707845402226,0.1659870532031178,0.0230315788752305,0.4877009691326557,3.409904502054069,-1.4469772866761124,Inner Race
1.057,-1.172,-0.113845068359375,0.1222855924759564,0.1670751346992293,0.0683581621789583,1.281546964338513,6.326494974269056,-1.4675658516170669,Inner Race
0.432,-0.664,-0.11412314453125,0.1180737364237363,0.1642107151935433,0.0066622944738599,0.3324545162174543,2.63076620481698,-1.438890558685736,Inner Race
0.823,-0.876,-0.1151600341796875,0.1218894894255109,0.1676857727530545,0.0143917509699947,0.7781599895200313,4.907989428608267,-1.4561108282705932,Inner Race
0.562,-1.606,-0.114046044921875,0.1196047533864133,0.165261756448766,-0.0415230532337702,1.0572531525963085,3.400665780617125,-1.449079243054639,Inner Race
0.667,-1.018,-0.11433388671875,0.1199534879550026,0.1657127805414103,-0.0311678382633312,0.7739952262521714,4.02503655916462,-1.4493759050547044,Inner Race
0.867,-1.06,-0.115270166015625,0.1214638865177347,0.167452461041886,-0.0014934295064117,1.0567412038248465,5.177588878691553,-1.4526955831675274,Inner Race
0.803,-0.94,-0.1155919433593749,0.119762130035957,0.1664455316018858,0.018292056965389,0.707585086516842,4.824401065452826,-1.439940594167599,Inner Race
0.518,-1.206,-0.1147274658203125,0.1205075039764554,0.1663853821275841,-0.0237878326023094,0.7810751521036776,3.1132542617403622,-1.4502663415243466,Inner Race
1.03,-1.521,-0.1151215087890625,0.119320183704118,0.1658008456992011,-0.0376006826636212,1.6510004948124068,6.212272293644655,-1.4402247455164836,Inner Race
0.645,-0.781,-0.114646240234375,0.1189295220175763,0.1651897281584496,-0.0081822385643133,0.5017560332919913,3.904601134649954,-1.4408647664393268,Inner Race
1.135,-1.111,-0.1139881591796874,0.1226282156394277,0.1674234528769556,0.0519836877374494,1.3239046134310506,6.779217490121557,-1.468779337097938,Inner Race
1.633,-1.069,-0.1150730224609375,0.1201256579598265,0.1663478941838881,0.1388125662782368,2.83692505606067,9.816775908174774,-1.4455855128021546,Inner Race
1.116,-0.969,-0.114432421875,0.1210130730351075,0.1665490483252512,0.0135732932510213,1.0167968823674451,6.70072877162636,-1.455435842362759,Inner Race
1.294,-0.828,-0.1139688232421875,0.1197664924952279,0.1653256035833389,0.0496753170475307,1.0267599735078283,7.826978834211292,-1.4506213092331095,Inner Race
0.537,-1.572,-0.1160501220703125,0.1215587694874477,0.1680589316775563,-0.1294303056797263,1.458033867791908,3.1953077092641924,-1.4481581637262968,Inner Race
0.715,-1.914,-0.11433828125,0.12009630188309,0.165819215286417,-0.0848115429061036,1.915483308812962,4.311924880147281,-1.450251074912122,Inner Race
0.876,-1.846,-0.1147135986328125,0.1229258196168878,0.1681356533421888,-0.0762541484644909,2.238325820786587,5.210078782143661,-1.4656994057032011,Inner Race
1.338,-0.862,-0.1159845458984375,0.1198689039943923,0.1667951385301882,0.1088275475003011,1.776844273316362,8.021816533686536,-1.4380807135826812,Inner Race
1.436,-1.895,-0.11440478515625,0.1225377269867298,0.1676412324355198,0.0723464222916101,3.682222263169651,8.565911733870909,-1.4653340960044758,Inner Race
0.715,-2.141,-0.1151982421875,0.1204695909499447,0.1666829416207422,-0.1921532581851814,3.883349760659784,4.289581123585262,-1.4469226131892206,Inner Race
0.864,-2.454,-0.1159553955078125,0.121371440325605,0.1678580371322231,-0.4381521808156082,8.410139599552975,5.147206620314641,-1.44760868088207,Inner Race
1.052,-3.252,-0.1144578125,0.1222047165672744,0.167434222888096,-0.4737059813841716,12.279365411223257,6.283064369123031,-1.462846608990505,Inner Race
0.61,-1.694,-0.1146306640625,0.1176327668042353,0.1642477370943813,-0.1053805015645572,1.659559131192304,3.7139020043209294,-1.4328429346342146,Inner Race
1.919,-1.262,-0.1146389404296875,0.1236187914043474,0.1685921681604429,0.2433345060554645,4.566742309961303,11.382497899746795,-1.4706361340093423,Inner Race
1.038,-1.804,-0.114165625,0.1206006621050978,0.1660661149693567,-0.0583631693836742,2.138117805302077,6.250522571636822,-1.454606979722283,Inner Race
1.301,-2.424,-0.1130524658203125,0.1217955847445504,0.1661765998241074,-0.1879249535588158,7.347890410430473,7.829020460023048,-1.4699069022362712,Inner Race
1.025,-1.582,-0.1157166259765624,0.1214225062820118,0.1677301481913871,-0.1619456101732624,2.5758250380640897,6.111006345921974,-1.4494904839807512,Inner Race
0.498,-0.894,-0.1144109130859375,0.1189317921495845,0.1650281275593412,-0.0290204400644441,0.5756433540954671,3.017667396249939,-1.4424159645975692,Inner Race
2.317,-1.597,-0.1144733642578124,0.1229877491801907,0.1680171666411882,0.1414628510782848,7.865593085306896,13.790257545219216,-1.4677402706780456,Inner Race
0.53,-0.906,-0.1151255615234374,0.119625950803308,0.1660238345764274,0.0123223934395182,0.5155183690564207,3.1923127263755604,-1.4421109645804242,Inner Race
1.721,-1.165,-0.11508330078125,0.1183176148313831,0.1650541799659092,0.1838065481502733,3.509686277025831,10.42687922447926,-1.434214858675663,Inner Race
0.554,-1.13,-0.1143239746093749,0.1180154467286693,0.1643084806290917,-0.0132996267466095,0.6725026523520756,3.371706669545523,-1.437218056759355,Inner Race
0.647,-0.95,-0.1153487548828125,0.1210791764621027,0.1672278215833819,-0.0451667384596023,0.7267812121360855,3.86897343919174,-1.4497583589287593,Inner Race
0.911,-1.108,-0.11485732421875,0.122022587892263,0.1675749186756199,-0.0335819380691012,1.3812274465004144,5.43637441211266,-1.45898330659756,Inner Race
1.074,-2.327,-0.1143899658203125,0.1247658657438589,0.1692666697644993,-0.3124935463364338,5.521405393672962,6.345017607389902,-1.4797335461257934,Inner Race
1.265,-1.904,-0.1147609375,0.1227733525787273,0.1680565407203963,-0.0110027642075024,3.462250473448864,7.52722860162069,-1.4644054360430472,Inner Race
1.067,-3.127,-0.114148828125,0.1250346362563984,0.1693021959246892,-0.712811189059874,16.45613274183145,6.302339991352703,-1.4831706878260102,Inner Race
1.016,-3.481,-0.1137673583984375,0.1228918275687605,0.1674665471345835,-0.8250234282203762,19.90868951735236,6.066883311229302,-1.4720087509466468,Inner Race
1.838,-2.915,-0.1153842529296875,0.125440549112646,0.1704361259312735,-0.4036360821335366,13.705935993327364,10.78409867601164,-1.4771177314389112,Inner Race
0.635,-1.97,-0.1145993408203124,0.1229759697363714,0.1680944045261704,-0.2502212809384778,3.6057221900988834,3.7776391295710128,-1.466800797656735,Inner Race
1.287,-2.358,-0.1139269775390624,0.1224268714009785,0.1672343539048617,-0.197278584649183,6.020202624246211,7.695787198915861,-1.4679082822812677,Inner Race
0.984,-0.977,-0.1149552734374999,0.1209422218355062,0.1668573606665098,0.0495789264247498,0.9892184158247872,5.8972525759092855,-1.451498097277186,Inner Race
1.548,-1.538,-0.1142379638671875,0.1214011280089176,0.1666978897592747,0.2161224550982912,3.917791072800196,9.286260325403264,-1.4592162195141791,Inner Race
1.226,-2.678,-0.1142776123046875,0.1247065113154243,0.1691469980756614,-0.0762078069832988,7.642941013409576,7.248133362979317,-1.4801411638237674,Inner Race
0.835,-2.112,-0.1155998779296874,0.1218062005480035,0.1679277226783752,-0.1290849723057434,3.044806650094237,4.972377322112797,-1.4526634948569384,Inner Race
0.596,-1.355,-0.11463935546875,0.1190692021606388,0.1652855426094585,-0.0562382209629458,1.240854558464032,3.605881014095989,-1.4417870890290756,Inner Race
0.94,-0.92,-0.113846875,0.1185065470527991,0.1643306720469146,0.048645428153681,0.9072668187335902,5.720173770917458,-1.4434359489174793,Inner Race
0.837,-3.032,-0.114930517578125,0.1202134417210685,0.1663127855185918,-0.4091921996504313,10.40053202845558,5.032685835848941,-1.447072448843183,Inner Race
1.768,-1.79,-0.1150722656249999,0.1208142973252263,0.1668453307836239,0.0318816605679349,4.2791531749260425,10.596640563426131,-1.4499178396933898,Inner Race
1.479,-1.487,-0.114596484375,0.122213713708795,0.1675356123231248,0.0918378144953279,3.568383402388461,8.827973822947342,-1.4619611870019449,Inner Race
1.689,-3.347,-0.1137809326171875,0.1258647460875469,0.1696692316507189,-0.4722424761864243,15.78921665145701,9.9546628670835,-1.4911921334092582,Inner Race
0.842,-2.375,-0.1139451904296875,0.1230721762393277,0.1677196982837222,-0.2833279401414795,5.4258148841253,5.020280912833713,-1.4719331079376932,Inner Race
1.621,-1.824,-0.1131425292968749,0.1253308587839743,0.1688451142539276,-0.186551856417018,4.660053101311426,9.6005146916017,-1.4923222532076728,Inner Race
1.406,-1.877,-0.1151482421875,0.1275325309315154,0.1718233599980387,-0.164088539461472,6.673687714732463,8.18282217281776,-1.4921926443154263,Inner Race
1.863,-4.177,-0.11479111328125,0.1284486508447495,0.1722662264728728,-0.970292195003513,31.585359797557736,10.814656117711912,-1.5006930549650035,Inner Race
2.097,-1.689,-0.114637109375,0.1278145456124333,0.1716910774449818,0.2434437207715867,9.367392602378583,12.213797194393988,-1.4976919636323638,Inner Race
0.83,-1.521,-0.1138391845703125,0.1225503800962247,0.1672650260527576,-0.0873171261472255,1.6175820669927825,4.9621849802492894,-1.4693097696026345,Inner Race
1.416,-2.7,-0.1136778564453125,0.1260497585181961,0.1697374701256279,-0.3252778364988257,10.131440324048857,8.342294715197385,-1.4931445352093202,Inner Race
1.096,-1.086,-0.1135771728515625,0.1208339138593071,0.1658320007291123,0.0923119786555165,1.4144800243632876,6.609098335551793,-1.4600821324003483,Inner Race
2.397,-1.958,-0.1143286376953125,0.1247036775038629,0.1691793867969505,0.3023678068983292,11.867589304122404,14.1683927657031,-1.4797638650065617,Inner Race
0.632,-0.884,-0.1151510986328125,0.1197659916970218,0.1661424632380907,-0.0230660623403456,0.7200008464631886,3.8039643067908018,-1.4428213470014442,Inner Race
1.904,-1.472,-0.1146692626953125,0.1230345767672376,0.1681849497408609,0.2609627497247681,5.56194189049598,11.320870285561693,-1.46669600717452,Inner Race
0.632,-1.167,-0.11388017578125,0.1212857715577201,0.166368788183483,-0.0243341038116285,0.7382760614177362,3.7987894658641546,-1.460910883234473,Inner Race
1.97,-1.721,-0.11521005859375,0.1260532613977054,0.1707700043472671,0.0981902482844798,6.204525100441597,11.535983778473954,-1.4822490885924362,Inner Race
0.85,-2.993,-0.114460498046875,0.126714954163001,0.1707556535312685,-0.5689142372780811,11.090914312445312,4.97787325000252,-1.491830425736388,Inner Race
0.808,-0.925,-0.1147198486328125,0.1207936615724012,0.1665875028871135,-0.0258918523591911,0.7678066974784876,4.8503038102896205,-1.4521245004455636,Inner Race
1.836,-2.227,-0.1155331787109374,0.1273650477555881,0.171957479428623,0.0625159063746169,8.975013255426482,10.677058108205731,-1.4883817908174968,Inner Race
2.251,-1.125,-0.1150433593749999,0.1241017983502346,0.1692213192325733,0.4029293616322814,7.277225345093383,13.302106437938145,-1.470935133952171,Inner Race
0.505,-0.796,-0.11423779296875,0.1215113210567709,0.166778038163518,-0.00901935833684,0.4720639922779708,3.0279766182695544,-1.45991999520807,Inner Race
1.152,-1.436,-0.115225,0.124733335169326,0.1698082026393123,0.0004128701601141,1.8899385745615165,6.784124571690745,-1.4737097213218688,Inner Race
1.577,-2.837,-0.1139490966796874,0.1280916662375432,0.1714394091815175,-0.2064004668107749,8.875909806473596,9.198585130040287,-1.5045262681058031,Inner Race
2.139,-1.465,-0.113346044921875,0.1264305322627849,0.1697987489256583,0.3027810312466794,6.583542030980718,12.597265960637328,-1.4980562316284962,Inner Race
1.145,-3.015,-0.1155074462890624,0.1236109741674041,0.1691782197682234,-0.3897967941497306,9.761160648533677,6.768010690552639,-1.464652065329602,Inner Race
0.994,-1.521,-0.114913427734375,0.1233952252961515,0.1686152595755163,-0.0443041305922454,1.6609116162255502,5.895077364304774,-1.4673242535700382,Inner Race
2.173,-0.952,-0.112564453125,0.1251217386966149,0.1683027729678625,0.3539830726903349,6.336168706164255,12.91125488713686,-1.495168041912543,Inner Race
1.88,-2.295,-0.115138818359375,0.1271043461084185,0.1714994690111131,0.0865537694510899,7.493412963563367,10.96213306571915,-1.4895017289114731,Inner Race
1.904,-1.76,-0.1137260498046875,0.1301152538024404,0.1728096650846812,0.1302077897292675,6.870178870948047,11.017902262972331,-1.519525784826463,Inner Race
1.438,-3.472,-0.114468408203125,0.125898471537126,0.170155971504593,-0.6335763985567844,16.44290500387135,8.4510698465918,-1.4864884921143489,Inner Race
0.894,-1.26,-0.1164899169921875,0.1255440610242918,0.1712624512894746,-0.0115028640588839,1.700827300936509,5.220058414841472,-1.4701912037671083,Inner Race
1.357,-2.302,-0.11415654296875,0.1252303366944538,0.1694519715267334,-0.3012844540743333,7.578561327214633,8.008168850286372,-1.4843824726990935,Inner Race
1.577,-3.188,-0.1146480468749999,0.1234742471146258,0.1684924097360824,-0.1702648511708966,12.352859215315473,9.359472052599456,-1.4696491944584853,Inner Race
0.955,-1.189,-0.1152367919921875,0.1229186740235323,0.1684878327365909,0.0133080957263857,1.032808819995176,5.668065073238967,-1.462101034086523,Inner Race
2.021,-2.346,-0.115108154296875,0.1285842513185884,0.1725786580458042,-0.0994657129821773,9.360290351737229,11.71060212708112,-1.49927395760953,Inner Race
1.533,-1.765,-0.1138618896484375,0.1251450479725431,0.1691905156645026,0.147232559129001,4.764478764473112,9.060791581484812,-1.485927523132622,Inner Race
1.387,-2.654,-0.1157936279296875,0.1252626384655407,0.170582853153648,-0.244414975221768,8.640570065347204,8.130946190416312,-1.4731626964588225,Inner Race
2.053,-2.024,-0.1140704833984374,0.1311282111776682,0.1737994912512107,0.154125223705113,8.300255934274027,11.812462655788687,-1.523614927133652,Inner Race
1.377,-1.711,-0.1140462158203125,0.1257620813824137,0.1697711822462489,0.0396527529959255,2.8611838913533534,8.110917187362785,-1.4886174085226538,Inner Race
1.001,-1.011,-0.1151747314453125,0.1228539681843696,0.1683981822298575,0.0057011200705253,1.3851583194651482,5.94424468687952,-1.4621104830603988,Inner Race
2.185,-1.106,-0.1142015380859375,0.1256389406955681,0.1697844201946112,0.2704313668929552,5.472105789427262,12.86926089858832,-1.4867086997273822,Inner Race
0.984,-1.011,-0.114732666015625,0.1248167903388354,0.1695359414673441,0.0154905773639544,1.3428856241322844,5.80407901406285,-1.477660611880628,Inner Race
1.465,-1.636,-0.1151326904296875,0.1293123279573903,0.1731381134332998,0.0081664560514102,3.4976189976201963,8.46145294614395,-1.5038136674052334,Inner Race
1.328,-1.794,-0.1147060546874999,0.1272047920867111,0.1712838085354428,-0.0019876288842228,3.0784944253701534,7.753213869746503,-1.4932412155755923,Inner Race
1.741,-3.213,-0.1143757080078125,0.1265213647353758,0.1705551743714708,-0.3308460265224731,16.596375631824213,10.207840403646069,-1.4911835506174176,Inner Race
1.155,-0.835,-0.114950634765625,0.1230419006427863,0.1683822678751109,0.0324024823528663,0.9647777164040704,6.859392111624621,-1.4648224276310322,Inner Race
2.395,-2.031,-0.1142384765625,0.126570995738957,0.1705000157510073,0.2979225703017906,9.489155670629264,14.046919523442035,-1.4924920296685382,Inner Race
1.206,-2.456,-0.1145261474609375,0.1308923250304444,0.1739213066960214,-0.2579221683411009,8.300851363135935,6.934170533273643,-1.5186165827794251,Inner Race
1.562,-3.875,-0.11530458984375,0.1316986067097152,0.1750407038321283,-0.7315440056118245,24.265161351812797,8.923638706903429,-1.5180722993709717,Inner Race
1.343,-4.29,-0.1149169189453125,0.129363624879478,0.1730330521426154,-1.5619942111960257,39.82136446131001,7.761522919292247,-1.5057230365265852,Inner Race
0.767,-1.104,-0.11386015625,0.1231410725449799,0.1677125180799069,-0.010553848465021,1.1541624589951631,4.573302033629721,-1.472969330128659,Inner Race
1.794,-1.951,-0.1155690673828125,0.1299914694833482,0.1739355597072204,0.1672377275515889,6.678609582595943,10.314164642467452,-1.5050355916698197,Inner Race
2.554,-2.686,-0.11386474609375,0.1330714681752238,0.1751364146050247,0.1325047332366278,15.04086177464026,14.582918154170804,-1.5381092095074538,Inner Race
1.501,-2.009,-0.11396806640625,0.1239944311897118,0.1684130748176377,0.0324259662639136,3.823212177013265,8.912609674903944,-1.4777216120988954,Inner Race
1.482,-1.206,-0.115190771484375,0.1268976642634834,0.1713812647013231,0.1500901300686462,3.2112058594070865,8.64738629734571,-1.487803775362075,Inner Race
1.87,-2.043,-0.1140112060546874,0.1300934469355777,0.1729810592249508,0.1115620552122996,8.86832232228003,10.810432126954344,-1.51722857086502,Inner Race
1.387,-0.808,-0.1138049072265625,0.1242077626412316,0.1684599316145246,0.0780357522316841,1.330346058298491,8.233411866590195,-1.4802519128560514,Inner Race
1.482,-3.066,-0.1158828125,0.1299412489527436,0.1741066977100536,-0.3447626813357721,11.481006514949318,8.512021763045727,-1.5024376260289127,Inner Race
1.76,-1.592,-0.1136253417968749,0.1272326966546166,0.1705827722184581,-0.0550730157346941,4.472614939316917,10.317571798786588,-1.5012740073724438,Inner Race
1.179,-3.33,-0.1146554443359375,0.1278329512165454,0.171717021217981,-0.7788046837449928,16.97531479845109,6.865947194037063,-1.4976787383497867,Inner Race
1.223,-2.397,-0.1156609374999999,0.1273842606048716,0.1720575663908558,-0.1439567241895206,5.668757850242381,7.1080861228838,-1.4876030759378531,Inner Race
1.265,-0.972,-0.1143125732421875,0.1236545144917594,0.1683966450191658,0.0912621415691967,1.7375906538824042,7.512026144321497,-1.473124436297952,Inner Race
0.977,-1.799,-0.1144253173828125,0.1240124504123228,0.1687360828317822,-0.1127428600113947,2.396157662713759,5.790107151971752,-1.4746394127732396,Inner Race
2.363,-1.907,-0.1149310791015625,0.1286316046316291,0.1724959092161001,0.1921953890514224,8.910963026123484,13.69887558921569,-1.5008639139607194,Inner Race
1.326,-1.748,-0.1143590576171875,0.1274922079997537,0.1712654674099494,-0.1438580897064293,3.0184071638890906,7.742366397926685,-1.4976117412864132,Inner Race
3.357,-1.074,-0.1145737548828124,0.1254147103071536,0.1698693935476836,0.7053996582692935,18.35905219465613,19.76224162510868,-1.482620463311412,Inner Race
0.972,-0.881,-0.1150870361328124,0.1246246965532736,0.1696347891628835,-0.0308397686471091,0.7022366556108701,5.729956719353626,-1.4739695700141406,Inner Race
1.313,-1.838,-0.1146981933593749,0.12599146960412,0.1703793955492693,-0.0878366307189898,2.387952246607739,7.706330896216346,-1.4854584066152874,Inner Race
1.555,-2.18,-0.1139539306640625,0.1290330150931799,0.1721470615939455,-0.0690878023215254,5.9420446565641445,9.032974397598952,-1.5106724321904883,Inner Race
1.682,-1.902,-0.11570322265625,0.1291216835004645,0.1733760013433141,-0.0450062209350082,4.708136789941406,9.70145802745417,-1.4984543849604588,Inner Race
2.429,-1.45,-0.1157016357421875,0.1286541960563451,0.1730270689145153,0.0989801137584065,5.559815193233547,14.0382658923735,-1.4954591419957397,Inner Race
1.26,-1.75,-0.1131849609375,0.1260461126672179,0.1694050472079602,-0.0305078808292412,3.046642477146314,7.437794922681578,-1.496709861493919,Inner Race
1.56,-2.639,-0.1140335693359375,0.1255814557952462,0.1696289242677739,-0.0970466624583176,5.784560405766694,9.19654479172081,-1.4875349886493086,Inner Race
0.623,-0.75,-0.1148493896484375,0.1224366107325163,0.1678712005253441,-0.004916057908604,0.46090722683173,3.711178558623242,-1.461663845486775,Inner Race
0.796,-1.077,-0.113743603515625,0.1243178313814935,0.1684997128266284,0.0192411418847387,0.7560857105865448,4.7240436594631765,-1.4813994600011204,Inner Race
0.645,-0.874,-0.1146924560546875,0.1225808829897857,0.167869191643165,0.0061282739344718,0.5730405641440055,3.842277392811057,-1.4636463235482715,Inner Race
0.576,-0.732,-0.115197802734375,0.1222503579278314,0.1679741613953895,-0.0057400497288112,0.4641488478239983,3.429098828147564,-1.4581368516438384,Inner Race
1.091,-0.947,-0.1140101318359375,0.1245668163693925,0.1688633266025784,0.0074312436277229,0.9098930720691863,6.460846306597286,-1.4811256147442715,Inner Race
0.767,-1.182,-0.1151473876953124,0.1254369633665439,0.1702732173017044,-0.0132498229913023,0.9065660572395728,4.504525210450244,-1.478741469604664,Inner Race
0.649,-1.46,-0.1146088623046875,0.1257832794883225,0.1701653268211489,-0.0530330015499611,0.9886330490587284,3.8139379632968753,-1.4847484164772935,Inner Race
0.623,-1.006,-0.1142496826171875,0.125136280064927,0.1694452603782367,-0.0420351184337819,0.8800421139675949,3.6767036068718335,-1.483113620070098,Inner Race
0.828,-0.933,-0.1153958496093749,0.1230754356989762,0.1687109811660629,-0.0013576204213651,0.6991826606398002,4.90780146186807,-1.462019489757771,Inner Race
1.299,-0.92,-0.1147199218749999,0.124994404420157,0.169658127349624,0.0412721471860599,1.3111693701913492,7.656573960191589,-1.4788898438623876,Inner Race
0.73,-1.177,-0.1145171142578125,0.1260818739220094,0.1703244559306911,-0.0257678735531692,0.9857857289396352,4.285937659457745,-1.4873275233537535,Inner Race
0.925,-0.94,-0.11476005859375,0.1266074934792921,0.170876964829596,-0.0228442960442255,0.8605716054997212,5.413251580881248,-1.488993356429867,Inner Race
0.771,-1.228,-0.1145107421874999,0.1254996060113246,0.1698896013891263,-0.0200309159924604,0.9397026102102036,4.53824126783399,-1.4836127872697655,Inner Race
0.591,-1.125,-0.1145880126953125,0.1244755259648596,0.1691868521557831,-0.0543996114801241,0.7679665402023725,3.493179242177883,-1.4764795040616328,Inner Race
1.016,-1.543,-0.1150975830078125,0.1279532126733495,0.1721019422901411,-0.0778704549052071,2.118497193526631,5.903477825294721,-1.4952698205526986,Inner Race
0.969,-1.611,-0.1145830810546874,0.1256083944971934,0.1700187226161844,-0.0830836365595243,1.839285386502369,5.699372310821955,-1.4838030279098444,Inner Race
0.984,-1.443,-0.1143750732421875,0.1239293499149832,0.1686409386433894,-0.0178155924570946,1.3522024542791948,5.834882134288761,-1.4744553499545725,Inner Race
0.806,-1.489,-0.1151408935546875,0.126708234659273,0.1712075060616091,-0.024881051997853,1.4549900541189205,4.707737520047516,-1.4869391818667117,Inner Race
1.216,-3.457,-0.1151073974609375,0.1258715211975853,0.1705666028014011,-0.435506071956994,13.836050345684852,7.129179921674626,-1.481804007073343,Inner Race
2.351,-2.874,-0.1147884521484375,0.1285106973729706,0.1723107219173993,-0.0725522897742012,11.656874687098854,13.643956532937054,-1.5011154754014582,Inner Race
0.547,-1.16,-0.11510634765625,0.122541862392069,0.1681238016918262,-0.0145323958508647,0.6474799891378282,3.253554788171281,-1.4605953982130149,Inner Race
0.642,-0.833,-0.114919482421875,0.1223466833105355,0.1678536055917663,-0.0408802993425866,0.6178523166538703,3.824761450530866,-1.4606192270825549,Inner Race
1.023,-1.45,-0.1146521484375,0.1279759241014164,0.1718212805254525,-0.0714928969475412,2.201765722801939,5.953860877252972,-1.498631145312702,Inner Race
1.653,-1.528,-0.1160552734375,0.12827861392158,0.1729850500449749,-0.0382091352383604,2.958308983989977,9.555739062827865,-1.4905401962465217,Inner Race
0.742,-1.125,-0.1149469482421875,0.1248496366288851,0.1697051918004379,-0.0386353073190944,0.8518408075473984,4.372288155288394,-1.4763784023467728,Inner Race
0.908,-0.845,-0.1145612060546874,0.1243596129251701,0.1690834281899813,0.0187330968684292,0.6490763699665107,5.370130057806586,-1.4759222079878145,Inner Race
0.664,-0.92,-0.1145977294921875,0.1238636489848942,0.1687437956758753,0.0157863902582619,0.677230983863423,3.934959488972368,-1.472488123661989,Inner Race
0.735,-1.208,-0.1135505859374999,0.1213531479520915,0.1661925466103342,-0.0103250531769014,0.8007518775962943,4.422581006134579,-1.4635991988787205,Inner Race
1.169,-0.957,-0.11360146484375,0.1231410827890849,0.1675370074847737,0.0236809572933358,1.1029561733614577,6.977562853426533,-1.4747785841952643,Inner Race
0.642,-1.006,-0.115317724609375,0.1231236996855272,0.1686927767561121,-0.0286326997637218,0.5624122502143378,3.8057349718546183,-1.462852109920992,Inner Race
0.781,-1.074,-0.1141323486328124,0.1221749402366467,0.1671901450579315,-0.018373438731471,0.8439847231462996,4.671327964512399,-1.464879563600474,Inner Race
1.133,-1.123,-0.1149701416015624,0.1235083369521721,0.1687366893621955,0.0937506154559917,1.546466814290401,6.7146037076026825,-1.4676566194635554,Inner Race
0.742,-1.108,-0.11536435546875,0.1239767102017655,0.1693481146501102,-0.013828353628253,0.5936874422968659,4.381507296570999,-1.4679414101696546,Inner Race
0.879,-0.771,-0.114516552734375,0.1215294619094318,0.1669823055921176,0.0610663280224472,0.717602931970625,5.264030801844988,-1.4581499495486805,Inner Race
0.823,-0.94,-0.1141753662109375,0.1235774794459697,0.1682469460016055,-0.0285391246511322,0.8998404309837058,4.8916192510985965,-1.4735835897453704,Inner Race
1.06,-1.069,-0.1151993408203125,0.1238814333194539,0.1691659628105867,0.0330676310830818,0.9606118982249936,6.266035923472799,-1.4684629408986911,Inner Race
0.825,-2.297,-0.1154050537109375,0.1257605161930308,0.1706858158415402,-0.3541170577690204,5.405728454706141,4.83344205218497,-1.4790150894870515,Inner Race
1.06,-1.926,-0.1135391845703124,0.1246112226612212,0.1685785399910315,-0.0426024706091364,2.2418038829177425,6.287870330686176,-1.4847608834695678,Inner Race
0.845,-1.023,-0.1132986572265624,0.1254148152680599,0.1690120635111727,-0.0395116831696587,0.920342731018605,4.999643116860354,-1.4917393343259189,Inner Race
0.618,-0.879,-0.1146852539062499,0.1216675928776978,0.1671985323462798,-0.0161060558895025,0.6230598403108609,3.6962046934723007,-1.4578904144290172,Inner Race
0.591,-0.945,-0.1148473876953124,0.122744528466847,0.1680945385828081,-0.0257572389343784,0.5097796838507533,3.515878653659271,-1.4636339751040677,Inner Race
0.53,-1.062,-0.115073486328125,0.1232420540718418,0.1686123967329545,-0.0168228749839024,0.5862961656477759,3.143303874859244,-1.465258437136132,Inner Race
0.603,-1.172,-0.1145794189453125,0.1224887505939832,0.1677246880208149,-0.0250775569159858,0.6510734408170249,3.595177353528103,-1.4638291026843837,Inner Race
0.569,-2.354,-0.1144822509765625,0.1267393918115637,0.1707883692334747,-0.2557989346186928,4.305530357866924,3.33160860164988,-1.4918327319440945,Inner Race
0.889,-1.03,-0.1136432861328125,0.1237926117908279,0.1680447353565552,-0.0177640299093951,0.7473181775217554,5.290257966807058,-1.4787035915185074,Inner Race
1.201,-1.167,-0.11445830078125,0.1242644523269049,0.1689437176586573,-0.0198773896666681,1.0427104166318033,7.10887635624642,-1.4760285318365731,Inner Race
1.738,-1.709,-0.1138539306640625,0.1276538821862718,0.1710492131674253,0.0607960954406032,3.583663475028368,10.160818444097847,-1.5023566790339746,Inner Race
1.069,-3.218,-0.1145944580078125,0.1303686970907187,0.1735726707920876,-0.4642279989128589,11.739872737019388,6.15880365913417,-1.514668979718498,Inner Race
1.458,-1.995,-0.113274267578125,0.1238517209504689,0.1678390121049781,-0.0820820128560797,3.782938883950679,8.686895744405751,-1.4817046774477705,Inner Race
0.645,-1.602,-0.1140322021484375,0.1235030019558666,0.1680950987728235,-0.1252231551594743,1.7029987084440723,3.8371136619021935,-1.4741020133419116,Inner Race
1.125,-1.602,-0.1148116943359374,0.1294922003514666,0.1730593705279753,-0.1845338309421004,3.2875014543540013,6.500659262586083,-1.5073322585206863,Inner Race
0.806,-1.211,-0.1144691162109375,0.1244799659334666,0.1691096158786282,-0.0444072297269283,1.1149492214531973,4.766139381325749,-1.477338355325485,Inner Race
0.764,-0.923,-0.1149077392578125,0.1239452999216062,0.1690143510311837,-0.0288900348644261,0.603441848192495,4.520326205074973,-1.4708700399367791,Inner Race
1.179,-1.487,-0.1146307861328125,0.12733538849848,0.1713304480719158,-0.0289245225602012,2.236447639677431,6.881438840953219,-1.4946285710141642,Inner Race
0.742,-1.414,-0.1144862304687499,0.1286293315121646,0.1721981357309618,-0.0703108670135796,1.490242007098982,4.308989739350505,-1.504094728474485,Inner Race
1.135,-1.665,-0.1148364013671875,0.129583598687089,0.1731441543019726,-0.1504984641828736,2.413480356494813,6.555231417287699,-1.5077462567670252,Inner Race
0.898,-2.104,-0.114307080078125,0.1282812271258363,0.1718190327911808,-0.1826003643212558,3.282747758390266,5.226429141242918,-1.503135524708954,Inner Race
1.36,-4.062,-0.115046533203125,0.1319187603145425,0.1750366797497384,-0.8927251705939068,26.21906654405536,7.769800032453096,-1.5214424535565576,Inner Race
2.615,-1.643,-0.1136119873046875,0.1320893954734769,0.1742264792988344,0.7985438155983999,15.478115930748212,15.00919958047671,-1.5335219762646124,Inner Race
1.821,-1.741,-0.1146166015625,0.1300594684984552,0.1733551779573064,0.0276557895739101,3.726229777922952,10.504445390425383,-1.5124787822536905,Inner Race
1.848,-1.24,-0.1135324951171875,0.1294294611683164,0.1721662100466753,0.4908036231135755,6.950270160216089,10.733813560157918,-1.5164487477260715,Inner Race
0.93,-1.101,-0.1143312744140625,0.1241638053196885,0.1687836321375359,0.018030919357879,1.028264469533312,5.510012956956484,-1.4762682652015986,Inner Race
0.967,-1.553,-0.1144013916015625,0.1276534232318931,0.1714137597346467,0.00887707129989,1.4600350108419553,5.64132075217849,-1.4983537991534843,Inner Race
1.265,-2.688,-0.1152729980468749,0.1283274567809527,0.1724975309775747,-0.2014063835515254,6.980465078770102,7.333438298107895,-1.4964261700509414,Inner Race
0.796,-1.199,-0.114409619140625,0.1255460519595398,0.1698557838423157,-0.0391973533038476,1.165915768897583,4.686328495819489,-1.4846285226554237,Inner Race
2.207,-2.617,-0.1146280029296874,0.132016268119632,0.1748354901282872,-0.0266571696182863,8.304002413573855,12.62329518097608,-1.5252423985396562,Inner Race
1.465,-1.069,-0.1144357666015625,0.1248755398846553,0.1693784650677616,0.0748020285667505,1.638216941456613,8.649269548014335,-1.4801182366130006,Inner Race
1.052,-1.541,-0.11431591796875,0.1281840013882647,0.1717523396117484,0.0250091371603582,1.977609271252435,6.12509851323178,-1.502435904496691,Inner Race
1.235,-1.455,-0.1147486572265625,0.1261624646639365,0.1705398288598269,-0.0462973318117208,1.6186861580389331,7.241710093511896,-1.4862032635650717,Inner Race
1.846,-2.925,-0.1154411865234374,0.1355455791474765,0.1780416328347416,-0.4719702103360741,14.419372949494306,10.368361436639145,-1.5422713348376285,Inner Race
2.644,-0.972,-0.1144370117187499,0.1296243720573087,0.1729100843375683,0.282818268440791,6.197002951400359,15.2911844912306,-1.5109629458214682,Inner Race
0.579,-1.333,-0.1147664306640624,0.1255600914576901,0.1701066879294294,-0.0706761055525991,0.9093051703890396,3.403746243299993,-1.4821989927294656,Inner Race
1.985,-1.323,-0.1140947509765624,0.1326329658576795,0.1749533833697967,0.2007055666260118,4.708061741320362,11.345879466671024,-1.5334043141540832,Inner Race
1.562,-3.628,-0.1143071533203125,0.1340465574713251,0.1761651673473602,-0.834601485062764,24.701367777771136,8.866679057614542,-1.541156106422392,Inner Race
1.575,-2.039,-0.11502880859375,0.1282130656372395,0.1722492835219587,0.060817725453168,4.429397818585279,9.143724535720438,-1.4974447325651754,Inner Race
1.062,-1.787,-0.1150314453124999,0.1290837144058028,0.1729000634285417,-0.0658801062578821,1.8613155479053611,6.142276520557302,-1.503067817315805,Inner Race
2.524,-1.711,-0.1263006591796875,0.1327613138449021,0.1832402593628572,0.2500338914887871,7.455329253579155,13.774265594123111,-1.4508258353755852,Inner Race
1.963,-1.421,-0.1135177978515625,0.1352365875721643,0.1765638086926056,0.191196713292509,4.806175926896424,11.117793700392738,-1.555384371739514,Inner Race
1.96,-2.642,-0.1148203369140625,0.1345933721838485,0.1769142259259015,-0.2982325556346947,9.98030676449013,11.078815113607217,-1.5407917332476857,Inner Race
1.621,-2.366,-0.1151587890625,0.1361182422181022,0.1782954576394018,-0.1061266168444379,4.866264207892605,9.09165057518421,-1.548257489427366,Inner Race
3.044,-2.612,-0.1144264648437499,0.1422363676066396,0.1825489145439432,0.7811211364208474,24.600550181993665,16.674982744240026,-1.595338235723832,Inner Race
1.213,-1.912,-0.1144749267578125,0.1362929922521652,0.1779883004104702,-0.2256719804189761,5.2190354399791,6.815054681698868,-1.5548234486930843,Inner Race
1.421,-1.985,-0.1150499755859375,0.136633651681584,0.1786191363600872,-0.0190328981010404,4.766303839553998,7.955474586638552,-1.5525351956869058,Inner Race
2.104,-1.66,-0.113935009765625,0.1362354963885412,0.1775974205860775,0.2768441092398375,6.450296609018206,11.84701890971574,-1.5587607439663371,Inner Race
1.523,-4.045,-0.1147161376953124,0.1428496162232262,0.1832083701941035,-0.8151995450685792,25.085118265593657,8.31293896881692,-1.5970583901691957,Inner Race
2.622,-4.797,-0.1152781494140624,0.1425381856027836,0.1833185480617729,-0.9156302204457848,39.44314731188831,14.302971672656184,-1.590228061376308,Inner Race
1.201,-1.855,-0.114098681640625,0.1358199134195397,0.1773840682418114,-0.0352552599134428,3.1310635821745967,6.77061932282885,-1.554654845184939,Inner Race
1.602,-2.219,-0.115020751953125,0.1338579511341557,0.176485939983101,0.0874288841472323,5.055176653415535,9.07721034408404,-1.5343834654726063,Inner Race
1.396,-2.69,-0.1151120361328125,0.1356816646441698,0.1779321374351091,-0.3190117581228203,8.054940380997639,7.84568780054763,-1.54573008533892,Inner Race
3.054,-1.99,-0.1141629638671875,0.1427365572613833,0.1827742041218694,0.3538435477794756,13.296818622308743,16.709141285406258,-1.6009938593964808,Inner Race
2.029,-1.519,-0.1143033203124999,0.135748956650254,0.1774614841849933,0.1934511114530327,5.687384195439744,11.4334668692666,-1.552548812228917,Inner Race
2.234,-3.799,-0.1147186035156249,0.1466374869117384,0.1861783703755705,-1.1644677217481798,35.78229645834489,11.999245645417544,-1.622913500252054,Inner Race
2.805,-1.45,-0.1152552978515625,0.1398137308238958,0.1811937796023957,0.4705200842920624,11.1950391759967,15.480663884572516,-1.5721080330359785,Inner Race
1.826,-2.253,-0.114633251953125,0.136254389619793,0.1780606298164336,-0.021497850656817,9.672870950762675,10.25493396200194,-1.5533069749189778,Inner Race
3.586,-1.248,-0.1140977783203125,0.1366722800230824,0.1780369599449656,0.4772702015724085,15.698370596201734,20.14188515187237,-1.560389365734655,Inner Race
1.379,-1.899,-0.114263427734375,0.1369549796902016,0.1783601397541642,-0.028087049695396,3.2536353988929703,7.731548102062999,-1.56095562062774,Inner Race
1.936,-3.445,-0.11465302734375,0.1426864809370479,0.1830416659256677,-0.3581058165606572,19.716724236949734,10.576826812678812,-1.5964834960430352,Inner Race
1.746,-1.335,-0.113800537109375,0.1330896783439861,0.1751085157414003,0.2088246505270705,3.9374730889664233,9.9709599650681,-1.5387318916878356,Inner Race
1.509,-3.247,-0.113999755859375,0.1410885874251961,0.1813875625602883,-0.6156107465905748,16.15051163402974,8.319203250214299,-1.5911223773499994,Inner Race
1.885,-3.125,-0.1152416748046875,0.1425456730131626,0.1833014359754556,-0.2938215358170941,14.34881831871515,10.283607381299536,-1.5905828884048794,Inner Race
1.477,-2.446,-0.11470244140625,0.1376178388898009,0.1791503761519652,-0.29768957671695,5.751888644469039,8.244470548848456,-1.561870645084661,Inner Race
1.465,-2.69,-0.1141743408203125,0.1412815737073327,0.1816473942959055,-0.2024638109860754,7.1353895642655765,8.06507577870068,-1.590965123957073,Inner Race
2.539,-2.397,-0.115059912109375,0.1436305096700588,0.1840326140317084,-0.1549990371932246,12.29220058734062,13.796467617215589,-1.5994503268590063,Inner Race
0.867,-1.934,-0.114501953125,0.1330983786306028,0.1755717607249597,-0.1129053451421362,2.5377894158245398,4.938151764384198,-1.53335166722694,Inner Race
1.638,-2.402,-0.1143162353515625,0.1344368077383282,0.1764681719127905,-0.1511392192291548,5.552875878761029,9.282127095471298,-1.5436842489615672,Inner Race
1.782,-2.131,-0.1152867187499999,0.1397904697864845,0.1811958219134929,-0.0503381261503435,9.628909119551706,9.834663852518451,-1.5716972768252455,Inner Race
1.843,-2.156,-0.1153306396484375,0.1363388098801982,0.1785748406300694,0.0880374468968535,6.734663986854281,10.320602798789034,-1.5483729317241215,Inner Race
1.763,-3.525,-0.114644873046875,0.1392926102434118,0.1804034492247515,-0.8435735278331257,22.363977174944807,9.77254042301379,-1.5735849709649876,Inner Race
2.373,-1.841,-0.1133969238281249,0.1406896315351792,0.1806985099929489,0.3898816342044775,11.312190951514076,13.132371706289096,-1.5935045139922188,Inner Race
2.554,-2.473,-0.1145681396484375,0.1397088651506786,0.1806763656283789,0.0170196791681105,8.440326770417474,14.135772496404703,-1.5770210303038907,Inner Race
2.083,-1.289,-0.1158026611328125,0.1367369567256831,0.1791836911954592,0.0678005108349576,4.54033869446102,11.624941902373235,-1.5473192881980138,Inner Race
1.885,-1.521,-0.1146140869140625,0.1325120463932005,0.1752010349887603,0.1922684970771158,3.82015117239976,10.759068861213798,-1.5286169414770614,Inner Race
1.165,-2.422,-0.1144742919921875,0.1339110212002843,0.1761706199373254,-0.3157932740822761,5.550116466699787,6.612907421308169,-1.5389535665295793,Inner Race
2.407,-1.768,-0.1145129882812499,0.1357876542449413,0.1776261843787484,0.2570706186218748,8.459314399855263,13.550930052449964,-1.551144433874078,Inner Race
2.966,-1.621,-0.1147191650390625,0.141047785376445,0.181808907597609,0.7041506832853732,16.412419140687614,16.31383213942707,-1.584817214592715,Inner Race
2.007,-2.72,-0.1169707763671875,0.1380815947908117,0.1809647033333823,-0.1160502300695681,11.47309339433571,11.090560551482811,-1.5470932907661394,Inner Race
1.899,-2.959,-0.114802978515625,0.1344426859755311,0.1767883435303445,-0.2534778237154681,13.946465660587108,10.741658426558248,-1.53992819538461,Inner Race
1.775,-2.668,-0.1132936279296875,0.1339541503127748,0.1754386571896953,-0.16340331985237,8.333482344130921,10.117496499535775,-1.5485306666900664,Inner Race
1.79,-2.522,-0.1141787841796874,0.1328757828771775,0.1751922868676863,0.0506877108026927,7.502242109061246,10.217344792992485,-1.5343681238712397,Inner Race
1.531,-3.086,-0.115825390625,0.1413626286815481,0.1827523625712965,-0.3787889363793202,10.47818472130395,8.377456676669317,-1.577826429810899,Inner Race
1.045,-2.717,-0.1174204589843749,0.1339963755453038,0.1781632804260953,-0.4724933042264078,8.431923792860072,5.865406145984614,-1.5173103730569075,Inner Race
1.846,-2.368,-0.1150021484375,0.1440790937938674,0.1843468811979792,-0.1103953589294993,7.628902014745352,10.013730571430113,-1.602986411146622,Inner Race
1.448,-1.492,-0.114508935546875,0.1398210785274378,0.1807256291380493,-0.0053450895432602,3.747866374900859,8.012145299513266,-1.578266606662046,Inner Race
1.75,-3.564,-0.114381640625,0.1416076506812293,0.1820313074034244,-0.3208211797964876,18.88472370216682,9.613730873896246,-1.5914381574593228,Inner Race
2.454,-2.058,-0.1146137451171875,0.1366157735343743,0.1783247725003587,0.1357032042200647,7.789887453132161,13.761408275426591,-1.5558759755911429,Inner Race
3.04,-3.691,-0.1141223632812499,0.1506553005161242,0.1889983577919312,0.0582954412695118,29.26816080246261,16.084795844346665,-1.6561027335733698,Inner Race
2.139,-2.131,-0.1136974365234374,0.1422877261052101,0.1821329453724368,0.2136044386750093,9.007410343416344,11.744168500795055,-1.601908987058755,Inner Race
1.711,-1.868,-0.11408486328125,0.1393534973614467,0.1800951946898934,0.0106656250278318,5.507485225475774,9.50053111048397,-1.578607271026921,Inner Race
3.882,-2.839,-0.1141845458984374,0.1420054436782875,0.182217354369441,0.5040354497386891,37.65208047700035,21.30422765402106,-1.5958145030546946,Inner Race
3.025,-2.295,-0.1150464355468749,0.1463602182999461,0.1861624904527292,0.4676511230912717,20.0422204086024,16.249245444898655,-1.6181508759293843,Inner Race
2.319,-1.799,-0.1153983154296875,0.1382435838330367,0.180076631162459,0.225453809385296,9.56731878382281,12.87785086288002,-1.5604788552756663,Inner Race
2.62,-2.004,-0.1140586181640625,0.140269870672628,0.1807886186511448,0.2678805536712866,10.3578006790628,14.492062716932594,-1.585050051992542,Inner Race
3.503,-3.064,-0.1148771728515624,0.1472265585380865,0.1867401809746089,0.3751721558888066,28.279911533916977,18.758683758994017,-1.6255638639009995,Inner Race
1.902,-4.583,-0.1154417480468749,0.1434454067125278,0.1841273459891703,-0.8393807275195767,30.904411240956456,10.329807285181142,-1.5949805776884598,Inner Race
1.682,-3.579,-0.1153557373046875,0.142436136114422,0.1832880347609287,-0.9157654744448224,28.57266477313164,9.176812890126254,-1.588893964387854,Inner Race
1.235,-2.856,-0.1157058349609374,0.1362597394134103,0.1787571076629935,-0.4601533742369833,8.893934425939909,6.908816192798978,-1.5449273385680358,Inner Race
1.736,-1.87,-0.114419140625,0.1360351994251755,0.1777550658286125,0.019498089920119,3.2067374168754874,9.76624768418028,-1.5535430947798428,Inner Race
1.665,-3.66,-0.114505908203125,0.1398373416000516,0.1807362932972892,-0.4298845346037304,17.632130316407203,9.212316849174712,-1.5784014653346656,Inner Race
1.687,-1.611,-0.1144065673828125,0.1351279507942419,0.1770536075770688,0.1137814178637378,4.103375964505237,9.528187666357908,-1.547582552535073,Inner Race
1.858,-2.668,-0.1154717529296875,0.1362623430784081,0.1786076665755709,-0.3579334112157311,8.729936942594108,10.402688952961936,-1.5467650056748323,Inner Race
1.873,-1.65,-0.1137876953124999,0.1383127596707632,0.1791021832391097,-0.0016601564846911,2.828742297657912,10.457717299288632,-1.5740030830858622,Inner Race
2.456,-1.863,-0.114928759765625,0.1391456999747225,0.180470698311994,0.3736247920715833,10.73705267377104,13.608857409938748,-1.570283179597771,Inner Race
0.967,-0.94,-0.114133447265625,0.1353616388610865,0.1770558378776664,0.0267849427722981,1.049486884117348,5.461553889390144,-1.5513054421777075,Inner Race
1.038,-1.392,-0.114190673828125,0.1360839157315734,0.1776454052043969,0.0343586447417095,1.840605237461527,5.843100747839147,-1.5556910144149017,Inner Race
1.211,-1.34,-0.1147523193359375,0.1360616034650858,0.177989895103034,0.0716429041909839,1.6489605234815032,6.803757029571716,-1.5510788464498786,Inner Race
1.091,-1.255,-0.114847607421875,0.1365029012011007,0.178388789049631,-0.0148334045453521,1.5640951201772602,6.115855182449072,-1.5532651750797668,Inner Race
1.812,-1.306,-0.11464765625,0.1429569004353739,0.1832491787797083,0.1587934405000532,3.8039351492568514,9.88817528169271,-1.598368294421268,Inner Race
1.956,-1.738,-0.114995166015625,0.1419527318050534,0.1826854518466269,-0.0056432509392274,4.096728934276217,10.706928111835389,-1.5886359242422805,Inner Race
1.367,-2.617,-0.1142296630859374,0.1413209240290716,0.1817127731040932,-0.134328709373139,5.117448075196268,7.522861363284136,-1.5907669531283373,Inner Race
1.587,-2.163,-0.1146889160156249,0.1450113208177503,0.1848819007808177,-0.0328194390542177,6.414103682884312,8.583858091557754,-1.612029367821645,Inner Race
0.786,-1.25,-0.115377099609375,0.1380165621687574,0.1798888031372176,-0.0581694285860804,1.1241216654189738,4.3693658876614245,-1.5591378509795777,Inner Race
2.422,-2.92,-0.1144842529296874,0.1474511467100494,0.1866760671010623,-0.1758720235197934,13.73915312902086,12.974346618780986,-1.630582917073431,Inner Race
1.465,-1.66,-0.1133578369140625,0.1449601652274845,0.1840188459613452,0.0470358290208461,3.484475270926194,7.961141112186608,-1.6233447194378932,Inner Race
1.123,-2.158,-0.1143155517578125,0.1387238804603379,0.1797550849121042,0.008621840021527,2.816225232701125,6.247389332819814,-1.572446461990851,Inner Race
1.086,-1.641,-0.114740576171875,0.1411003788482371,0.1818632196571437,-0.0756231045704766,1.7058272579252636,5.97152080584174,-1.5849948268058431,Inner Race
